date,index,close,open,high,low,volume,anger,disgust,joy,sadness,fear,su
2014-12-02,2763.545,3.1100,-0.4602,3.6273,-0.5399,437733400.0,3151.0,4057.0,6673.0,1045.0,6092.0,21728.0
2014-12-03,2779.525,0.5800,0.1857,2.1941,-1.0739,562120300.0,3823.0,4632.0,9353.0,1434.0,7412.0,27460.0
2014-12-04,2899.456,4.3200,0.1419,4.3527,-0.2552,532687700.0,5060.0,7278.0,12159.0,2836.0,10106.0,39269.0
2014-12-05,2937.647,1.3200,0.9352,2.7099,-2.9800,640500300.0,4453.0,7438.0,11557.0,2443.0,10114.0,37434.0
2014-12-08,3020.258,2.8100,-1.0155,3.5406,-1.9676,587570900.0,3965.0,5384.0,8901.0,1496.0,9066.0,29857.0
2014-12-09,2856.269,-5.4300,-0.9194,2.3530,-6.1474,771998400.0,5468.0,6853.0,10783.0,3145.0,14705.0,42906.0
2014-12-10,2940.006,2.9300,-0.0115,3.1663,-1.7012,512886900.0,3722.0,4928.0,8947.0,1902.0,11949.0,32591.0
2014-12-11,2925.743,-0.4800,-0.9408,0.8731,-1.6121,482632750.0,3337.0,5103.0,8174.0,1245.0,9393.0,27982.0
2014-12-12,2938.173,0.4200,0.1236,1.2567,-0.3687,409480800.0,3396.0,4493.0,7252.0,1100.0,6548.0,23293.0
2014-12-15,2953.421,0.5200,-0.5693,0.7506,-1.6088,400371700.0,3790.0,4448.0,8186.0,907.0,6322.0,24125.0
2014-12-16,3021.518,2.3100,0.0132,2.3185,-0.3220,453842700.0,3828.0,4615.0,8592.0,1026.0,7752.0,26586.0
2014-12-17,3061.02,1.3100,0.3453,1.8230,-0.9328,542503200.0,3963.0,4963.0,9009.0,1101.0,7530.0,27317.0
2014-12-18,3057.521,-0.1100,0.0582,0.9399,-1.0030,435904950.0,3356.0,4540.0,7156.0,764.0,5680.0,21973.0
2014-12-19,3108.596,1.6700,-0.1454,1.9626,-1.2788,521073500.0,2841.0,3694.0,6500.0,864.0,6408.0,20734.0
2014-12-22,3127.445,0.6100,0.6650,2.6144,-0.5818,679371900.0,3854.0,5324.0,11702.0,1996.0,9549.0,33303.0
2014-12-23,3032.612,-3.0300,-1.3546,0.3003,-3.2543,437762400.0,3918.0,4807.0,11147.0,1622.0,7416.0,29616.0
2014-12-24,2972.532,-1.9800,0.2174,0.5901,-3.2217,376805250.0,3585.0,4874.0,11103.0,1338.0,7104.0,28592.0
2014-12-25,3072.536,3.3600,0.6705,3.3915,-0.0894,376947775.0,3440.0,4310.0,11398.0,1532.0,6049.0,27198.0
2014-12-26,3157.603,2.7700,0.1780,2.9819,-0.2721,460700950.0,3911.0,4958.0,14161.0,1539.0,6506.0,31588.0
2014-12-29,3168.016,0.3300,1.7404,2.0983,-0.9710,510111450.0,4094.0,5338.0,10217.0,1345.0,6183.0,27717.0
2014-12-30,3165.815,-0.0700,-0.2277,0.7034,-1.1889,397725325.0,3317.0,4944.0,6556.0,998.0,6374.0,22770.0
2014-12-31,3234.677,2.1700,0.2142,2.3230,-0.2703,405998525.0,2253.0,4017.0,6293.0,993.0,4770.0,18757.0
2015-01-05,3350.519,3.5800,0.7404,4.1613,0.5938,531352400.0,3918.0,5244.0,7751.0,955.0,6638.0,25170.0
2015-01-06,3351.446,0.0300,-0.5886,1.3044,-1.4128,501661700.0,4282.0,4394.0,8158.0,840.0,6841.0,25074.0
2015-01-07,3373.954,0.6700,-0.7399,0.6997,-1.1707,391918875.0,3899.0,4098.0,7931.0,781.0,6802.0,24033.0
2015-01-08,3293.456,-2.3900,-0.0592,0.2256,-2.6337,371131175.0,4297.0,4415.0,7132.0,827.0,6352.0,23573.0
2015-01-09,3285.412,-0.2400,-0.5007,3.3818,-0.7878,410240875.0,4488.0,4532.0,7768.0,870.0,6389.0,24759.0
2015-01-12,3229.316,-1.7100,-0.8279,-0.3113,-2.8560,322064675.0,3068.0,3491.0,7351.0,745.0,6235.0,21408.0
2015-01-13,3235.301,0.1800,-0.1788,0.9312,-0.4615,230725750.0,3204.0,3276.0,6520.0,571.0,5650.0,19744.0
2015-01-14,3222.437,-0.4000,0.2175,1.0256,-1.2773,240190750.0,2620.0,3394.0,6900.0,704.0,6019.0,20186.0
2015-01-15,3336.455,3.5400,0.0507,3.5578,-0.4621,282546250.0,2468.0,3187.0,6581.0,783.0,5697.0,19217.0
2015-01-16,3376.495,1.2000,0.2142,1.9141,0.1209,339876750.0,2969.0,3764.0,6429.0,831.0,5894.0,20366.0
2015-01-19,3116.351,-7.7100,-5.5314,-3.3848,-8.3349,401098800.0,5160.0,4193.0,8649.0,3074.0,16510.0,39377.0
2015-01-20,3173.052,1.8200,-0.0575,2.3712,-0.5094,357080800.0,3737.0,4231.0,6887.0,1448.0,11549.0,28790.0
2015-01-21,3323.611,4.7500,0.5053,5.1670,0.1667,410956025.0,2609.0,3375.0,5997.0,783.0,6812.0,20157.0
2015-01-22,3343.344,0.5900,0.1116,0.8657,-0.8916,353382950.0,2183.0,3166.0,5627.0,680.0,4911.0,17030.0
2015-01-23,3351.764,0.2500,0.4113,1.8976,-0.4502,366249250.0,2794.0,3220.0,6639.0,742.0,5813.0,19691.0
2015-01-26,3383.182,0.9400,-0.1345,0.9856,-0.9084,317541000.0,2310.0,2954.0,6650.0,713.0,5442.0,18455.0
2015-01-27,3352.96,-0.8900,0.1972,0.2079,-2.7478,374517550.0,2411.0,3088.0,7475.0,753.0,5708.0,19859.0
2015-01-28,3305.738,-1.4100,-0.8124,0.0549,-1.7389,301927100.0,2946.0,3160.0,7011.0,757.0,6607.0,21007.0
2015-01-29,3262.305,-1.3100,-1.4139,-0.5733,-2.1628,274658625.0,2776.0,2845.0,4984.0,645.0,5120.0,16727.0
2015-01-30,3210.363,-1.5900,0.3507,0.8031,-1.5939,258312550.0,4042.0,3998.0,7060.0,1070.0,6708.0,23400.0
2015-02-02,3128.3,-2.5600,-1.9383,-1.0974,-2.7346,250861625.0,3648.0,4131.0,7507.0,973.0,6443.0,23187.0
2015-02-03,3204.907,2.4500,0.8882,2.5456,0.0458,248192175.0,3088.0,4615.0,6302.0,870.0,6021.0,21291.0
2015-02-04,3174.126,-0.9600,0.2470,1.0632,-1.0535,249098075.0,3496.0,4568.0,7664.0,972.0,6496.0,23851.0
2015-02-05,3136.531,-1.1800,2.4286,2.4286,-1.2069,306139300.0,3195.0,4472.0,6508.0,1222.0,6964.0,22982.0
2015-02-06,3075.907,-1.9300,-0.5242,-0.2229,-2.6651,246749675.0,3371.0,3304.0,5904.0,900.0,5931.0,19923.0
2015-02-09,3095.124,0.6200,-0.4030,1.4021,-0.8712,206108388.0,3111.0,3345.0,7124.0,795.0,6084.0,20919.0
2015-02-10,3141.593,1.5000,-0.1497,1.5177,-0.3512,193817138.0,2648.0,3805.0,6404.0,745.0,5243.0,19273.0
2015-02-11,3157.704,0.5100,0.1328,0.7903,-0.0809,172840100.0,2685.0,3092.0,5465.0,680.0,4357.0,16584.0
2015-02-12,3173.416,0.5000,0.0081,0.7620,-0.7429,194592312.0,2705.0,3437.0,5466.0,642.0,4094.0,16654.0
2015-02-13,3203.827,0.9600,0.4220,2.0087,0.2955,261290425.0,3367.0,3246.0,6026.0,745.0,5077.0,18760.0
2015-02-16,3222.363,0.5800,0.0721,0.7809,-0.2479,223797425.0,2815.0,2427.0,6067.0,748.0,4261.0,16544.0
2015-02-17,3246.906,0.7600,0.2644,1.0353,0.2610,228332625.0,2302.0,2107.0,6204.0,631.0,3153.0,14675.0
2015-02-25,3228.843,-0.5600,0.2948,0.3177,-0.9657,233348100.0,2235.0,2311.0,4615.0,647.0,4413.0,14489.0
2015-02-26,3298.359,2.1500,-0.2073,2.2229,-0.8255,301263875.0,2749.0,3093.0,5324.0,693.0,4915.0,17112.0
2015-02-27,3310.303,0.3600,-0.0463,0.7939,-0.2229,299163725.0,2974.0,3677.0,5553.0,765.0,5010.0,18364.0
2015-03-02,3336.285,0.7900,0.6772,0.7992,-0.3514,346445675.0,3039.0,4475.0,7464.0,904.0,6240.0,22653.0
2015-03-03,3263.052,-2.1900,-0.5572,-0.5572,-2.2737,382044625.0,3256.0,4539.0,7495.0,1015.0,6020.0,22839.0
2015-03-04,3279.533,0.5100,0.0346,0.7213,-0.3852,293639525.0,3744.0,4324.0,6756.0,913.0,5487.0,21619.0
2015-03-05,3248.476,-0.9500,-0.4710,-0.3932,-1.7645,320663575.0,3507.0,4430.0,6740.0,913.0,5742.0,21838.0
2015-03-06,3241.187,-0.2200,-0.0135,0.5682,-0.4292,282915800.0,5351.0,4811.0,5965.0,786.0,4943.0,22222.0
2015-03-09,3302.408,1.8900,-0.5206,2.0522,-1.3210,321495450.0,4007.0,4492.0,6631.0,778.0,5212.0,21582.0
2015-03-10,3286.068,-0.4900,-0.4034,0.2273,-0.7665,285817575.0,3902.0,4146.0,5952.0,697.0,4600.0,19743.0
2015-03-11,3290.9,0.1500,0.1073,1.1864,-0.2312,282985525.0,4508.0,4954.0,6877.0,801.0,5462.0,22991.0
2015-03-12,3349.323,1.7700,0.7266,2.1014,0.2913,357295100.0,4059.0,4497.0,6941.0,853.0,5359.0,22205.0
2015-03-13,3372.911,0.7000,0.3035,1.2520,0.0844,328410150.0,3841.0,4299.0,6770.0,763.0,5451.0,21550.0
2015-03-16,3449.305,2.2700,0.5410,2.2649,0.1238,399132425.0,4312.0,4568.0,7938.0,997.0,5397.0,23807.0
2015-03-17,3502.847,1.5500,0.5885,1.5892,0.3012,520939500.0,4786.0,5759.0,8653.0,1119.0,5851.0,26854.0
2015-03-18,3577.301,2.1300,0.2185,2.1358,0.0287,545217150.0,4712.0,5798.0,8868.0,1348.0,6644.0,28137.0
2015-03-19,3582.271,0.1400,-0.0358,0.6536,-0.8514,537346600.0,4460.0,6198.0,8586.0,1177.0,6342.0,27382.0
2015-03-20,3617.318,0.9800,0.1344,1.3976,-0.3599,516661650.0,4560.0,5820.0,9241.0,1410.0,7156.0,28954.0
2015-03-23,3687.728,1.9500,0.6299,1.9609,0.5022,536062850.0,4163.0,4983.0,8972.0,1243.0,6506.0,26701.0
2015-03-24,3691.41,0.1000,0.1313,0.7632,-2.3600,639554650.0,5562.0,5731.0,9614.0,1438.0,7289.0,30470.0
2015-03-25,3660.727,-0.8300,-0.2833,0.0472,-1.5401,521886350.0,5051.0,6012.0,9330.0,1349.0,7031.0,29492.0
2015-03-26,3682.095,0.5800,-0.5131,1.2727,-1.2488,488647200.0,5118.0,5573.0,9034.0,1621.0,7099.0,29165.0
2015-03-27,3691.096,0.2400,0.1097,0.7708,-0.6861,408945175.0,4424.0,4972.0,8622.0,1116.0,5966.0,25671.0
2015-03-30,3786.568,2.5900,0.5287,2.8403,0.5287,564702350.0,5256.0,5882.0,9930.0,1378.0,7057.0,30283.0
2015-03-31,3747.899,-1.0200,0.9618,1.2940,-1.3079,561676050.0,4946.0,5433.0,9406.0,1346.0,7013.0,28895.0
2015-04-01,3810.294,1.6700,0.0118,1.8459,-0.1517,447458300.0,4206.0,4961.0,8615.0,1119.0,4473.0,23972.0
2015-04-02,3825.784,0.4100,0.4565,0.6602,-0.9028,479299650.0,4977.0,5799.0,10044.0,1442.0,5740.0,28690.0
2015-04-03,3863.929,1.0000,-0.5855,1.0095,-0.8775,473033300.0,4147.0,5123.0,9121.0,1305.0,5756.0,26147.0
2015-04-07,3961.378,2.5200,0.9185,2.5295,0.7194,570447550.0,3327.0,4042.0,9460.0,1547.0,7867.0,27174.0
2015-04-08,3994.811,0.8400,0.3825,0.9805,-1.4573,618085400.0,3379.0,4092.0,9159.0,1766.0,8594.0,28041.0
2015-04-09,3957.534,-0.9300,0.2833,0.5403,-2.3727,585176800.0,3348.0,3974.0,8702.0,1894.0,8117.0,27111.0
2015-04-10,4034.31,1.9400,-0.2537,2.0926,-0.7129,484283600.0,1908.0,2309.0,4984.0,1120.0,4592.0,15517.0
2015-04-13,4121.715,2.1700,0.9522,2.3241,0.5697,589814250.0,3626.0,6079.0,9605.0,1936.0,8631.0,31074.0
2015-04-14,4135.565,0.3400,0.0987,1.1313,-0.7390,610683550.0,4401.0,4929.0,9521.0,2846.0,7440.0,30772.0
2015-04-15,4084.163,-1.2400,0.0020,0.9655,-1.6094,613005800.0,3088.0,4180.0,8560.0,2056.0,7697.0,26807.0
2015-04-16,4194.823,2.7100,-0.6916,2.7213,-1.2957,551242950.0,2835.0,3761.0,8033.0,1658.0,6975.0,24467.0
2015-04-17,4287.296,2.2000,1.4280,2.9179,1.0510,701706200.0,3098.0,3985.0,9785.0,1907.0,7628.0,27995.0
2015-04-20,4217.077,-1.6400,0.3279,1.6025,-2.2535,857132800.0,4472.0,4356.0,9272.0,2334.0,9965.0,31872.0
2015-04-21,4293.623,1.8100,-0.1160,1.8330,-0.6760,634470650.0,3659.0,4286.0,9380.0,2037.0,8927.0,29566.0
2015-04-22,4398.494,2.4400,0.2556,2.4821,0.1008,680305100.0,4146.0,4857.0,11573.0,2299.0,9110.0,33872.0
2015-04-23,4414.508,0.3600,0.3636,1.0439,-0.9014,667344650.0,4828.0,5134.0,12331.0,2554.0,10076.0,37481.0
2015-04-24,4393.686,-0.4700,-1.3265,0.0423,-2.1835,628555000.0,4300.0,4967.0,10977.0,2160.0,9367.0,33298.0
2015-04-27,4527.396,3.0400,1.0980,3.0965,1.0980,671088500.0,4214.0,4903.0,12318.0,2122.0,9384.0,34419.0
2015-04-28,4476.215,-1.1300,0.0053,0.9938,-2.0871,767676400.0,3954.0,4942.0,11062.0,2776.0,10032.0,34145.0
2015-04-29,4476.62,0.0100,-0.6724,0.5301,-1.7331,519834200.0,3976.0,4798.0,11130.0,2156.0,9210.0,32493.0
2015-04-30,4441.655,-0.7800,0.1428,0.6863,-0.7945,526728000.0,4118.0,4831.0,11118.0,1947.0,7553.0,30613.0
2015-05-04,4480.464,0.8700,-0.0070,1.0337,-1.2209,494173400.0,3728.0,4203.0,10265.0,1469.0,8675.0,29352.0
2015-05-05,4298.706,-4.0600,-0.0137,0.1875,-4.4243,572858600.0,4555.0,5271.0,11343.0,2990.0,13136.0,38893.0
2015-05-06,4229.266,-1.6100,0.3009,1.8063,-2.5900,481733000.0,4996.0,5138.0,12024.0,3207.0,13334.0,40352.0
2015-05-07,4112.214,-2.7700,-0.7417,-0.3665,-2.8671,394566650.0,5268.0,4749.0,12802.0,4309.0,13789.0,42911.0
2015-05-08,4205.917,2.2800,0.9914,2.3016,-0.3203,397428100.0,4854.0,4694.0,11642.0,3210.0,12545.0,38619.0
2015-05-11,4333.584,3.0400,0.6028,3.0662,-0.4303,488750500.0,6089.0,4742.0,9390.0,1914.0,10379.0,33642.0
2015-05-12,4401.219,1.5600,0.2027,1.5859,-0.3602,521866400.0,22990.0,8064.0,16527.0,2133.0,9031.0,59861.0
2015-05-13,4375.76,-0.5800,0.0263,0.3274,-1.3346,510490500.0,9809.0,6352.0,12940.0,2151.0,8910.0,41272.0
2015-05-14,4378.311,0.0600,-0.0673,0.5024,-1.0677,449077950.0,3938.0,5431.0,10956.0,1960.0,8281.0,31630.0
2015-05-15,4308.691,-1.5900,-0.2624,-0.2624,-2.2785,439706200.0,3681.0,5010.0,10157.0,2014.0,8053.0,30028.0
2015-05-18,4283.491,-0.5800,-0.7147,0.3745,-1.1183,380057450.0,2961.0,4066.0,9642.0,1490.0,7712.0,26866.0
2015-05-19,4417.552,3.1300,0.0534,3.1496,0.0534,436735200.0,3163.0,5143.0,11105.0,1940.0,9231.0,31640.0
2015-05-20,4446.288,0.6500,0.3945,2.3313,0.3334,514106200.0,3386.0,5017.0,11111.0,2057.0,8244.0,30852.0
2015-05-21,4529.422,1.8700,0.2282,1.8935,-0.1806,464996500.0,3556.0,4969.0,12497.0,2330.0,8135.0,32614.0
2015-05-22,4657.596,2.8300,1.2267,2.8448,0.7411,655591300.0,3682.0,4992.0,11618.0,2213.0,7228.0,30906.0
2015-05-25,4813.798,3.3500,0.0532,3.3725,-0.0166,682461400.0,3758.0,5228.0,10552.0,2706.0,7851.0,31407.0
2015-05-26,4910.897,2.0200,0.8528,2.0335,-0.7213,704892850.0,4209.0,6102.0,12459.0,3094.0,8705.0,36186.0
2015-05-27,4941.714,0.6300,0.4469,0.9623,-1.0964,681165400.0,5071.0,6824.0,12710.0,3054.0,8921.0,38162.0
2015-05-28,4620.266,-6.5000,0.0410,0.9063,-6.6267,782964600.0,8958.0,8568.0,19144.0,9389.0,17497.0,67740.0
2015-05-29,4611.744,-0.1800,-0.3636,1.6866,-4.0842,611262400.0,6832.0,5956.0,15293.0,5213.0,12984.0,49275.0
2015-06-01,4828.738,4.7100,0.4630,4.7218,0.0756,593389050.0,3765.0,4125.0,10699.0,2113.0,8515.0,31003.0
2015-06-02,4910.527,1.6900,0.3306,1.7155,-0.6458,623748100.0,4123.0,4958.0,9794.0,2358.0,8191.0,30919.0
2015-06-03,4909.978,-0.0100,0.2821,0.6423,-1.7938,611453850.0,4044.0,4552.0,9575.0,2539.0,8364.0,31086.0
2015-06-04,4947.102,0.7600,0.0604,0.7737,-5.3477,674952400.0,4802.0,5423.0,10475.0,4100.0,10708.0,38046.0
2015-06-05,5023.096,1.5400,1.3945,2.1128,-0.9912,772240800.0,4264.0,5079.0,10000.0,2843.0,8973.0,33169.0
2015-06-08,5131.881,2.1700,0.4499,2.4657,-0.5099,855035100.0,3930.0,4547.0,10336.0,2263.0,9452.0,31828.0
2015-06-09,5113.534,-0.3600,0.2747,0.3035,-1.7327,729893800.0,3778.0,5171.0,9766.0,2131.0,8891.0,31023.0
2015-06-10,5106.036,-0.1500,-1.2582,0.9901,-2.1911,596969000.0,4039.0,5773.0,10002.0,2449.0,8705.0,32286.0
2015-06-11,5121.593,0.3000,-0.0900,0.3216,-1.0825,563990500.0,3450.0,5052.0,9373.0,2326.0,8130.0,29528.0
2015-06-12,5166.35,0.8700,0.4247,1.1051,-0.3552,625627850.0,3910.0,5103.0,9506.0,2484.0,7086.0,30144.0
2015-06-15,5062.993,-2.0000,0.1562,0.2022,-2.2764,637804000.0,3714.0,5023.0,9761.0,2157.0,8173.0,30397.0
2015-06-16,4887.43,-3.4700,-1.1571,-0.6580,-4.3629,550801400.0,5095.0,5614.0,11863.0,3740.0,11720.0,41177.0
2015-06-17,4967.9,1.6500,0.0638,1.9689,-2.4596,537101150.0,4926.0,4851.0,9942.0,3033.0,9437.0,34259.0
2015-06-18,4785.36,-3.6700,-0.5109,-0.0227,-3.7648,507440900.0,4542.0,4823.0,9070.0,3129.0,9043.0,32489.0
2015-06-19,4478.36,-6.4200,-1.9942,-0.8626,-6.4543,452689650.0,7570.0,6614.0,17236.0,12730.0,17473.0,65999.0
2015-06-23,4576.49,2.1900,-0.1507,2.2236,-4.7694,473526150.0,4877.0,5229.0,10911.0,3380.0,12044.0,39671.0
2015-06-24,4690.15,2.4800,0.6138,2.5190,-0.5323,543003700.0,4021.0,4604.0,9549.0,2687.0,8714.0,31426.0
2015-06-25,4527.78,-3.4600,0.4608,0.6514,-4.4050,572797550.0,3710.0,5668.0,8542.0,3213.0,8766.0,31678.0
2015-06-26,4192.87,-7.4000,-2.8237,-1.5654,-8.5748,565217850.0,9391.0,8252.0,15566.0,10041.0,23200.0,72635.0
2015-06-29,4053.03,-3.3300,2.3111,2.4947,-7.5800,673786350.0,11242.0,10145.0,16331.0,10468.0,26009.0,86196.0
2015-06-30,4277.22,5.5300,-1.1419,5.5993,-5.0616,709176650.0,8565.0,7095.0,13100.0,7286.0,20396.0,61062.0
2015-07-01,4053.7,-5.2300,-1.4746,0.9312,-5.4673,598769450.0,9043.0,8253.0,14518.0,6262.0,19762.0,62922.0
2015-07-02,3912.77,-3.4800,0.1214,0.6584,-6.3757,586015600.0,13983.0,10020.0,17228.0,8660.0,31661.0,91017.0
2015-07-03,3686.92,-5.7700,-3.0429,0.3670,-7.2381,548163100.0,16245.0,10276.0,17961.0,12071.0,33465.0,97610.0
2015-07-06,3775.91,2.4100,7.8193,7.8193,-0.9189,831139300.0,13397.0,10789.0,20144.0,8646.0,26642.0,86952.0
2015-07-07,3727.12,-1.2900,-3.2080,-0.6711,-5.0454,698818700.0,16351.0,10433.0,18035.0,9937.0,29344.0,92230.0
2015-07-08,3507.19,-5.9000,-6.9684,-3.4308,-8.1991,680356900.0,19480.0,14239.0,21706.0,11198.0,32903.0,108649.0
2015-07-09,3709.33,5.7600,-2.1311,6.8799,-3.8107,656914600.0,14742.0,13043.0,23052.0,8404.0,27485.0,94480.0
2015-07-10,3877.8,4.5400,-0.0504,6.7368,-0.8600,586364250.0,8636.0,8302.0,15586.0,4993.0,19102.0,61467.0
2015-07-13,3970.39,2.3900,1.0622,3.9298,-0.4941,643489000.0,5191.0,5400.0,11290.0,2549.0,12839.0,39783.0
2015-07-14,3924.49,-1.1600,-0.3027,1.6381,-2.8922,670558800.0,4435.0,3862.0,9479.0,2111.0,12037.0,34095.0
2015-07-15,3805.7,-3.0300,-1.2618,-0.2604,-4.6691,601301300.0,4856.0,3721.0,7395.0,2348.0,11998.0,32938.0
2015-07-16,3823.18,0.4600,-1.2402,1.8869,-3.0812,492256200.0,4202.0,4532.0,7774.0,3202.0,10800.0,33143.0
2015-07-17,3957.35,3.5100,0.2155,4.4806,-0.2362,481726250.0,3572.0,3204.0,6905.0,2110.0,7254.0,24755.0
2015-07-20,3992.11,0.8800,-0.2257,1.6167,-0.7639,539106700.0,3601.0,3058.0,7447.0,1661.0,9118.0,26333.0
2015-07-21,4017.67,0.6400,-1.3078,1.2452,-1.9867,504288050.0,3792.0,3390.0,7413.0,1634.0,8138.0,25463.0
2015-07-22,4026.05,0.2100,-0.5287,0.6140,-1.4140,520732200.0,3604.0,3838.0,7505.0,1539.0,7833.0,25305.0
2015-07-23,4123.92,2.4300,-0.0939,2.6468,-0.1741,563585950.0,2851.0,3425.0,7782.0,1495.0,7058.0,23985.0
2015-07-24,4070.91,-1.2800,0.0201,1.4678,-1.9178,627424850.0,2975.0,2795.0,6784.0,1521.0,7820.0,23955.0
2015-07-27,3725.56,-8.4800,-2.0963,-0.4851,-8.6091,556003250.0,4716.0,3753.0,7435.0,3902.0,11676.0,35129.0
2015-07-28,3663.0,-1.6800,-4.0912,0.9923,-5.0516,563330050.0,5307.0,4029.0,6828.0,3217.0,13913.0,36458.0
2015-07-29,3789.17,3.4400,0.7322,3.5236,-1.3907,434352100.0,4355.0,3689.0,6607.0,2624.0,10223.0,29857.0
2015-07-30,3705.77,-2.2000,-0.4059,1.4568,-2.7238,457943250.0,3392.0,3409.0,6856.0,1994.0,8806.0,26681.0
2015-07-31,3663.73,-1.1300,-1.3519,0.6406,-2.3099,350955750.0,3351.0,3223.0,6289.0,2019.0,8155.0,25231.0
2015-08-03,3622.91,-1.1100,-1.3303,-0.4037,-3.1179,363968725.0,3109.0,3188.0,6147.0,1677.0,8295.0,24697.0
2015-08-04,3756.54,3.6900,-0.0293,3.7020,-0.5968,362901675.0,1922.0,1607.0,3779.0,885.0,4832.0,13988.0
2015-08-05,3694.57,-1.6500,-0.2899,0.6871,-2.1336,366422975.0,4049.0,4039.0,9291.0,1605.0,11955.0,32946.0
2015-08-06,3661.54,-0.8900,-1.8695,0.4331,-2.1607,274074675.0,3546.0,3794.0,8346.0,1390.0,11069.0,30030.0
2015-08-07,3744.2,2.2600,0.8486,2.6000,0.6762,340757175.0,4309.0,4514.0,8182.0,1404.0,11364.0,31230.0
2015-08-10,3928.42,4.9200,1.1172,5.3261,0.8453,497304300.0,4356.0,5458.0,10881.0,1690.0,13310.0,37567.0
2015-08-11,3927.91,-0.0100,0.0099,1.0671,-0.9480,538923450.0,4251.0,5513.0,11185.0,1589.0,14275.0,38590.0
2015-08-12,3886.32,-1.0600,-1.1884,0.2510,-1.4453,442688300.0,4199.0,5692.0,11794.0,3260.0,14962.0,42030.0
2015-08-13,3954.56,1.7600,-0.4223,1.7876,-1.2392,430073300.0,3661.0,4588.0,9792.0,1908.0,13052.0,34763.0
2015-08-14,3965.33,0.2700,0.5525,1.1662,-0.3722,467988200.0,3162.0,4875.0,10761.0,1982.0,11591.0,33788.0
2015-08-17,3993.67,0.7100,-0.4411,0.7366,-1.4609,460432050.0,3377.0,4676.0,13308.0,1567.0,13175.0,37602.0
2015-08-18,3748.16,-6.1500,0.1367,0.3173,-6.2669,543770800.0,5427.0,5607.0,14789.0,2978.0,17023.0,48297.0
2015-08-19,3794.11,1.2300,-2.7043,1.6880,-5.0633,475396250.0,4522.0,5593.0,11681.0,2481.0,16186.0,42621.0
2015-08-20,3664.29,-3.4200,-1.0421,-0.1608,-3.4395,390063050.0,3855.0,5013.0,10617.0,2041.0,13606.0,36856.0
2015-08-21,3507.74,-4.2700,-1.4827,-0.3125,-4.7417,369920475.0,4042.0,4478.0,9862.0,2570.0,16142.0,39413.0
2015-08-24,3209.91,-8.4900,-3.8275,-3.4033,-9.0047,334671800.0,6483.0,5023.0,13281.0,5101.0,28158.0,64448.0
2015-08-25,2964.97,-7.6300,-6.4108,-2.7066,-8.1613,352325100.0,9723.0,7145.0,12738.0,6323.0,31727.0,73152.0
2015-08-26,2927.29,-1.2700,0.5336,4.2857,-3.8537,466699650.0,11070.0,6124.0,13665.0,5210.0,26321.0,65747.0
2015-08-27,3083.59,5.3400,1.7333,5.4019,-0.7106,400308400.0,5526.0,5533.0,17795.0,3213.0,23373.0,59256.0
2015-08-28,3232.35,4.8200,1.3513,4.9374,0.6278,443136950.0,5349.0,5092.0,13777.0,2227.0,18442.0,47540.0
2015-08-31,3205.99,-0.8200,-0.8907,-0.7577,-3.8112,397431375.0,7159.0,5754.0,12376.0,2084.0,17718.0,47867.0
2015-09-01,3166.62,-1.2300,-1.5022,-0.8004,-4.7489,432432450.0,7255.0,4895.0,11735.0,2627.0,20319.0,49766.0
2015-09-02,3160.17,-0.2000,-4.3876,0.8798,-4.6589,438170150.0,5910.0,4160.0,9736.0,2634.0,15355.0,40531.0
2015-09-07,3080.42,-2.5200,-0.3414,1.8167,-2.9704,296468125.0,3951.0,3738.0,9410.0,1496.0,16502.0,36722.0
2015-09-08,3170.45,2.9200,-0.8434,3.0609,-2.2497,255415475.0,4160.0,4507.0,10503.0,1936.0,15754.0,38437.0
2015-09-09,3243.09,2.2900,0.3816,2.7217,-0.1498,375327975.0,3375.0,4258.0,11207.0,1863.0,15079.0,37428.0
2015-09-10,3197.89,-1.3900,-1.6201,0.0059,-1.9793,273261750.0,3648.0,4461.0,12281.0,1847.0,13232.0,36927.0
2015-09-11,3200.23,0.0700,-0.2630,0.8090,-1.0770,224557825.0,4093.0,4538.0,9479.0,1610.0,13067.0,34002.0
2015-09-14,3114.8,-2.6700,0.6543,0.9140,-4.7184,346631150.0,5148.0,3936.0,9918.0,2155.0,17400.0,40464.0
2015-09-15,3005.17,-3.5200,-2.2794,-1.0627,-4.2019,249194450.0,7462.0,4953.0,11239.0,2924.0,18385.0,47677.0
2015-09-16,3152.26,4.8900,-0.2373,5.9151,-0.7198,277524525.0,5262.0,5007.0,10983.0,2281.0,17190.0,42908.0
2015-09-17,3086.06,-2.1000,-0.6433,1.6636,-2.1239,317602900.0,5552.0,5077.0,10101.0,2014.0,15186.0,39585.0
2015-09-18,3097.92,0.3800,0.4608,1.1662,-0.5094,209175400.0,4580.0,4020.0,8511.0,1649.0,12879.0,32934.0
2015-09-21,3156.54,1.8900,-0.8338,2.0001,-1.1963,239897350.0,3691.0,3999.0,9008.0,1569.0,15963.0,35785.0
2015-09-22,3185.62,0.9200,0.1514,1.8039,-0.1286,274786150.0,3594.0,3863.0,8564.0,1452.0,13544.0,32543.0
2015-09-23,3115.89,-2.1900,-1.5036,-0.6774,-2.5389,236322675.0,3933.0,3888.0,8768.0,1149.0,14715.0,34044.0
2015-09-24,3142.69,0.8600,0.3402,1.1319,-0.1990,212887725.0,3809.0,3644.0,8772.0,1198.0,12109.0,31002.0
2015-09-25,3092.35,-1.6000,-0.3767,0.2310,-2.5357,236263875.0,4033.0,3620.0,8111.0,1278.0,11290.0,29661.0
2015-09-28,3100.76,0.2700,-0.2193,0.3467,-1.6182,156727525.0,2871.0,3594.0,9177.0,1050.0,11194.0,28973.0
2015-09-29,3038.14,-2.0200,-1.4687,-1.0468,-2.5671,163222675.0,3428.0,3437.0,7717.0,1693.0,13200.0,31105.0
2015-09-30,3052.78,0.4800,0.4838,1.1573,0.0527,146642450.0,2826.0,3474.0,6372.0,962.0,9831.0,24600.0
2015-10-08,3143.36,2.9700,3.3835,3.9145,2.6320,234276050.0,2877.0,3569.0,8478.0,936.0,9932.0,26794.0
2015-10-09,3183.15,1.2700,0.1043,1.5703,-0.1772,234851450.0,2885.0,3451.0,8389.0,990.0,9887.0,26671.0
2015-10-12,3287.66,3.2800,0.3264,4.2587,0.1652,386294725.0,2929.0,3758.0,10880.0,1278.0,12475.0,32572.0
2015-10-13,3293.23,0.1700,-0.7756,0.3337,-1.0466,297153125.0,2478.0,3144.0,9808.0,1044.0,11016.0,28607.0
2015-10-14,3262.44,-0.9400,-0.4011,0.4278,-1.1229,295077750.0,2402.0,3370.0,10123.0,1269.0,12012.0,30613.0
2015-10-15,3338.07,2.3200,-0.2271,2.3253,-0.2467,316283850.0,2708.0,3768.0,12546.0,1255.0,10774.0,32532.0
2015-10-16,3391.35,1.6000,0.6060,1.6462,-0.0965,395460575.0,2819.0,3796.0,12640.0,1077.0,10449.0,32454.0
2015-10-19,3386.7,-0.1400,0.3031,0.9451,-1.0550,378112175.0,2627.0,3527.0,11939.0,1162.0,12579.0,33405.0
2015-10-20,3425.33,1.1400,-0.2702,1.1462,-0.8516,318973750.0,2501.0,3916.0,11988.0,1116.0,11596.0,32377.0
2015-10-21,3320.68,-3.0600,0.0943,0.6402,-4.6679,458455450.0,3767.0,4126.0,12412.0,1760.0,14229.0,38081.0
2015-10-22,3368.74,1.4500,-0.8549,1.5991,-1.1350,323739350.0,3261.0,4168.0,13234.0,1923.0,13619.0,37829.0
2015-10-23,3412.43,1.3000,0.2615,1.5816,-0.2529,347372850.0,3143.0,3943.0,10711.0,1768.0,10945.0,31805.0
2015-10-26,3429.58,0.5000,1.0614,1.3213,-0.3056,365560850.0,2878.0,3980.0,13528.0,1178.0,12329.0,35001.0
2015-10-27,3434.34,0.1400,-0.5960,0.3496,-2.8272,328172775.0,4901.0,4691.0,12275.0,1537.0,12258.0,36972.0
2015-10-28,3375.2,-1.7200,-0.5046,0.1578,-1.9541,293523275.0,3253.0,4261.0,10736.0,1206.0,11217.0,31904.0
2015-10-29,3387.32,0.3600,0.3724,1.0817,-0.3760,235676025.0,3283.0,3846.0,9606.0,1122.0,12232.0,31237.0
2015-10-30,3382.56,-0.1400,-0.2078,0.8821,-1.2024,243595125.0,3381.0,3677.0,10311.0,1019.0,11042.0,30561.0
2015-11-02,3325.08,-1.7000,-1.3298,0.2513,-1.7812,230951125.0,5838.0,4136.0,12820.0,1491.0,14193.0,39971.0
2015-11-03,3316.7,-0.2500,0.1576,0.6373,-0.6887,192897425.0,3695.0,3875.0,10259.0,1055.0,12252.0,32312.0
2015-11-04,3459.64,4.3100,0.2689,4.3100,0.2689,339078725.0,3371.0,4191.0,12687.0,1174.0,12537.0,35279.0
2015-11-05,3522.82,1.8300,-0.0121,3.6426,-0.1188,553254950.0,3809.0,4473.0,13151.0,1326.0,12451.0,36641.0
2015-11-06,3590.03,1.9100,-0.2379,2.0881,-0.3971,429167050.0,4454.0,5410.0,19051.0,1500.0,12299.0,43982.0
2015-11-09,3646.88,1.5800,-0.0426,2.3323,-0.0426,503016700.0,2305.0,3016.0,11102.0,976.0,9422.0,27475.0
2015-11-10,3640.49,-0.1700,-0.8084,0.6211,-1.0691,429746600.0,3353.0,4918.0,15755.0,1311.0,14309.0,40680.0
2015-11-11,3650.25,0.2700,-0.1508,0.3953,-0.9578,360972650.0,2992.0,4216.0,12904.0,1051.0,11899.0,34203.0
2015-11-12,3632.9,-0.4700,0.1800,0.2482,-1.2881,361717600.0,3078.0,4315.0,15481.0,1286.0,14626.0,39836.0
2015-11-13,3580.84,-1.4300,-0.8847,-0.0094,-1.8743,345870925.0,3791.0,4261.0,12861.0,1283.0,15534.0,38860.0
2015-11-16,3606.96,0.7300,-1.6303,0.7476,-1.7152,276187050.0,3727.0,4087.0,11790.0,1058.0,12438.0,33902.0
2015-11-17,3604.8,-0.0600,0.6382,1.9770,-0.2465,383575475.0,3794.0,5857.0,14237.0,1272.0,13608.0,39792.0
2015-11-18,3568.47,-1.0100,0.0072,0.3404,-1.2789,297580725.0,3416.0,5102.0,12422.0,1279.0,14946.0,38318.0
2015-11-19,3617.06,1.3600,0.1488,1.3939,-0.2082,247915575.0,3140.0,4133.0,10747.0,1198.0,12975.0,33076.0
2015-11-20,3630.5,0.3700,0.1031,0.6489,-0.2527,310801975.0,2158.0,3236.0,8828.0,856.0,10694.0,26273.0
2015-11-23,3610.31,-0.5600,0.0102,0.6680,-0.8712,315997475.0,2779.0,4263.0,11683.0,1114.0,12916.0,33556.0
2015-11-24,3616.11,0.1600,-0.2055,0.1709,-1.3076,248810525.0,4059.0,4630.0,12384.0,2339.0,16372.0,40734.0
2015-11-25,3647.93,0.8800,-0.0564,0.8921,-0.2375,273024850.0,3830.0,4189.0,12080.0,1735.0,15965.0,38755.0
2015-11-26,3635.55,-0.3400,0.3191,0.5606,-0.4953,306761575.0,3571.0,3724.0,12418.0,1349.0,14585.0,36509.0
2015-11-27,3436.3,-5.4800,-0.5229,-0.3755,-6.1372,354287525.0,5321.0,4759.0,11955.0,2713.0,20993.0,47617.0
2015-11-30,3445.4,0.2700,-0.0710,0.9915,-3.1572,304197900.0,5942.0,4280.0,11399.0,1495.0,16244.0,40654.0
2015-12-01,3456.31,0.3200,-0.0859,1.1032,-0.8083,252390750.0,3937.0,3778.0,11852.0,1389.0,15760.0,37915.0
2015-12-02,3536.91,2.3300,-0.1745,2.3881,-0.8289,301491475.0,4280.0,4656.0,11671.0,2222.0,17203.0,41398.0
2015-12-03,3584.82,1.3500,-0.3161,1.5499,-0.5564,281111250.0,3651.0,3757.0,12629.0,1351.0,14240.0,36773.0
2015-12-04,3524.99,-1.6700,-0.7440,-0.4421,-2.0757,251736400.0,4565.0,4097.0,13536.0,1263.0,16410.0,41042.0
2015-12-07,3536.93,0.3400,0.1367,0.5379,-0.5211,208302575.0,3945.0,3402.0,14395.0,1017.0,16312.0,39823.0
2015-12-08,3470.07,-1.8900,-0.5168,-0.5168,-1.9831,224367300.0,3730.0,3914.0,12904.0,1301.0,17827.0,40775.0
2015-12-09,3472.44,0.0700,-0.2158,0.7386,-0.4377,195698850.0,3887.0,3790.0,14504.0,1043.0,19991.0,44360.0
2015-12-10,3455.5,-0.4900,-0.0757,0.8988,-0.7536,200427512.0,4367.0,4393.0,15263.0,1119.0,18285.0,44810.0
2015-12-11,3434.58,-0.6000,-0.4023,0.0014,-1.2901,182908875.0,4181.0,3690.0,12613.0,1333.0,17460.0,40413.0
2015-12-14,3520.67,2.5100,-0.9046,2.5389,-1.0278,215374625.0,3176.0,3633.0,13299.0,1090.0,17057.0,39693.0
2015-12-15,3510.35,-0.2900,-0.0721,0.2639,-0.6766,200471338.0,2828.0,3922.0,14005.0,1107.0,14245.0,37592.0
2015-12-16,3516.19,0.1700,0.3344,0.8073,-0.1157,193482312.0,3714.0,4689.0,13835.0,1048.0,17620.0,42287.0
2015-12-17,3580.0,1.8100,0.4960,1.9117,0.4960,283856475.0,3581.0,4855.0,15697.0,1157.0,17959.0,45065.0
2015-12-18,3578.96,-0.0300,-0.1413,0.9693,-0.3307,273707900.0,3572.0,3710.0,14277.0,1195.0,15228.0,39547.0
2015-12-21,3642.47,1.7700,-0.2900,2.0146,-0.3691,299849275.0,3704.0,4444.0,16330.0,1140.0,15343.0,42797.0
2015-12-22,3651.77,0.2600,0.0966,0.2789,-0.7028,261178775.0,3366.0,4778.0,15612.0,1007.0,12988.0,39488.0
2015-12-23,3636.09,-0.4300,0.0413,0.8982,-0.5132,298201800.0,3475.0,5229.0,15966.0,1188.0,15746.0,42831.0
2015-12-24,3612.49,-0.6500,-0.1315,0.1136,-1.7549,227785225.0,3793.0,4435.0,16432.0,1238.0,15660.0,43276.0
2015-12-25,3627.91,0.4300,0.0432,0.6303,-0.2976,198451112.0,2762.0,4455.0,13875.0,1139.0,10921.0,34123.0
2015-12-28,3533.78,-2.6000,0.2167,0.3771,-2.5946,269983275.0,3492.0,4592.0,14417.0,1670.0,13101.0,38348.0
2015-12-29,3563.74,0.8500,-0.1522,0.8600,-0.5167,182551925.0,3773.0,4477.0,14599.0,1172.0,13022.0,38212.0
2015-12-30,3572.88,0.2600,0.0839,0.2789,-0.7192,187889612.0,2558.0,3738.0,12761.0,1114.0,7852.0,28882.0
2015-12-31,3539.18,-0.9400,-0.0675,0.2161,-0.9664,176963662.0,3557.0,3940.0,14584.0,2129.0,9860.0,35068.0
2016-01-04,3296.26,-6.8600,-0.0732,-0.0138,-6.8784,184418425.0,8174.0,6617.0,17743.0,5198.0,23975.0,65221.0
2016-01-05,3287.71,-0.2600,-3.0219,0.9672,-3.2358,266882075.0,5847.0,5570.0,14710.0,2536.0,22771.0,53126.0
2016-01-06,3361.84,2.2500,0.1058,2.2891,0.0371,238886675.0,4019.0,4748.0,13449.0,1651.0,17943.0,42975.0
2016-01-07,3125.0,-7.0400,-1.5521,-1.5521,-7.3159,70569125.0,16459.0,9675.0,19903.0,9135.0,25788.0,84645.0
2016-01-08,3186.41,1.9700,2.2282,3.5344,-2.1798,286440825.0,6881.0,4969.0,15443.0,2541.0,19830.0,51241.0
2016-01-11,3016.7,-5.3300,-1.7123,-0.6336,-5.3261,271643700.0,6093.0,4294.0,13263.0,2957.0,23696.0,52214.0
2016-01-12,3022.86,0.2000,0.3136,1.0263,-1.2676,207659625.0,6213.0,5035.0,15482.0,2708.0,24037.0,55069.0
2016-01-13,2949.6,-2.4200,0.6037,1.1959,-2.4338,194282100.0,5731.0,5464.0,14401.0,3287.0,23143.0,53808.0
2016-01-14,3007.65,1.9700,-2.5614,2.1254,-2.7817,212905650.0,4992.0,5872.0,16045.0,2681.0,22892.0,54090.0
2016-01-15,2900.97,-3.5500,-0.6517,-0.1975,-4.1155,198721700.0,7540.0,4936.0,15685.0,3119.0,20278.0,53016.0
2016-01-18,2913.84,0.4400,-1.8418,1.5333,-1.9397,164699700.0,3808.0,3888.0,12696.0,2058.0,20478.0,44278.0
2016-01-19,3007.74,3.2200,0.0196,3.3712,-0.2553,205279700.0,3305.0,4547.0,12300.0,1744.0,18003.0,41140.0
2016-01-20,2976.69,-1.0300,-0.4897,0.2839,-1.8559,216505475.0,3476.0,4466.0,11779.0,1580.0,17959.0,40411.0
2016-01-21,2880.48,-3.2300,-1.4210,0.7424,-3.2456,191675662.0,3923.0,4164.0,10018.0,1694.0,20995.0,42093.0
2016-01-22,2916.56,1.2500,1.0634,1.7664,-0.9981,159810738.0,4427.0,4207.0,14864.0,1630.0,18051.0,44348.0
2016-01-25,2938.51,0.7500,0.6007,1.3447,-0.1622,153039062.0,2911.0,4590.0,9442.0,1165.0,17107.0,36130.0
2016-01-26,2749.79,-6.4200,-1.0478,-0.9025,-6.6248,210836050.0,6894.0,5107.0,12725.0,3380.0,23278.0,53444.0
2016-01-27,2735.56,-0.5200,0.2287,0.6902,-4.0545,215722050.0,6930.0,5637.0,11951.0,3041.0,22203.0,51529.0
2016-01-28,2655.66,-2.9200,-0.8920,0.1820,-3.2195,171120275.0,5479.0,6111.0,12033.0,2572.0,18981.0,46868.0
2016-01-29,2737.6,3.0800,-0.1058,3.7546,-0.2210,186673100.0,3980.0,5396.0,10033.0,1725.0,13774.0,35962.0
2016-02-01,2688.85,-1.7800,-0.2418,-0.0855,-2.9946,156383750.0,3323.0,4615.0,16904.0,1385.0,10843.0,37862.0
2016-02-02,2749.57,2.2600,-0.0324,2.4661,-0.0324,158078212.0,3586.0,4774.0,15294.0,1367.0,10507.0,36229.0
2016-02-03,2739.25,-0.3800,-1.0911,-0.1273,-1.9163,148397212.0,3907.0,3777.0,10819.0,1543.0,10491.0,31262.0
2016-02-04,2781.02,1.5200,0.4446,1.9732,0.4403,170382012.0,4643.0,3569.0,11733.0,1570.0,7199.0,29751.0
2016-02-05,2763.49,-0.6300,0.0741,0.3251,-0.6782,141186288.0,5244.0,2651.0,24286.0,1518.0,6620.0,41028.0
2016-02-15,2746.2,-0.6300,-2.8417,-0.1133,-2.9456,129263938.0,2863.0,3107.0,7384.0,870.0,13388.0,28195.0
2016-02-16,2836.57,3.2900,0.4508,3.4382,0.4508,195961612.0,3957.0,6283.0,10739.0,1154.0,14958.0,37936.0
2016-02-17,2867.34,1.0800,-0.2401,1.1327,-0.4304,216909925.0,4452.0,7179.0,13856.0,3364.0,13304.0,42887.0
2016-02-18,2862.89,-0.1500,0.5036,0.9022,-0.3362,219203875.0,3323.0,6934.0,11696.0,1896.0,14469.0,39132.0
2016-02-19,2860.02,-0.1000,-0.2791,0.3434,-0.7824,163391412.0,4020.0,5286.0,9422.0,1042.0,13132.0,33568.0
2016-02-22,2927.18,2.3500,0.9993,2.5853,0.7108,232176050.0,3037.0,4931.0,10562.0,987.0,14233.0,34653.0
2016-02-23,2903.33,-0.8100,-0.0502,0.0297,-1.8755,199740662.0,3083.0,5519.0,11141.0,945.0,15238.0,36701.0
2016-02-24,2928.9,0.8800,-0.4633,0.9141,-1.0698,213410375.0,2653.0,4999.0,12422.0,1014.0,15318.0,37106.0
2016-02-25,2741.25,-6.4100,-0.2274,-0.2274,-6.7961,270284425.0,4692.0,7208.0,12137.0,2277.0,19479.0,47561.0
2016-02-26,2767.21,0.9500,0.6862,1.5869,-0.9259,191110475.0,4945.0,5363.0,10777.0,1497.0,15586.0,39107.0
2016-02-29,2687.98,-2.8600,-0.4481,-0.4091,-4.6346,207410712.0,5121.0,4733.0,11980.0,2305.0,20327.0,46036.0
2016-03-01,2733.17,1.6800,0.0149,2.2165,-0.7150,187207438.0,4839.0,5801.0,14658.0,1780.0,17130.0,45379.0
2016-03-02,2849.68,4.2600,0.0220,4.3733,-0.0231,270961775.0,3931.0,8419.0,14742.0,1544.0,16889.0,46605.0
2016-03-03,2859.76,0.3500,-0.0825,1.0096,-0.3092,287478200.0,3614.0,5464.0,12958.0,1865.0,15619.0,40295.0
2016-03-04,2874.15,0.5000,-0.3923,0.7207,-1.7802,312495175.0,4457.0,5819.0,12012.0,1528.0,15647.0,40470.0
2016-03-07,2897.34,0.8100,0.4346,1.3113,-0.0974,217466825.0,3664.0,5102.0,11449.0,1403.0,15411.0,37785.0
2016-03-08,2901.39,0.1400,-0.0576,0.1822,-3.2713,233482650.0,3872.0,5878.0,11971.0,1368.0,15673.0,39632.0
2016-03-09,2862.56,-1.3400,-2.1362,-1.3228,-3.0906,183355388.0,4164.0,6102.0,11292.0,1707.0,18274.0,42641.0
2016-03-10,2804.73,-2.0200,-0.5237,0.0217,-2.0639,138979462.0,3788.0,5597.0,11114.0,1185.0,17215.0,39826.0
2016-03-11,2810.31,0.2000,-0.8247,0.3879,-1.1473,127247550.0,1558.0,2124.0,3355.0,441.0,5677.0,13504.0
2016-03-14,2859.5,1.7500,0.7035,2.8292,0.4526,194816025.0,892.0,1131.0,2594.0,309.0,4248.0,9471.0
2016-03-15,2864.37,0.1700,-0.1930,0.2200,-1.3887,163386662.0,873.0,1090.0,2926.0,328.0,4152.0,9612.0
2016-03-16,2870.43,0.2100,-0.1976,0.5991,-0.3554,186492538.0,973.0,1177.0,3102.0,338.0,3967.0,9879.0
2016-03-17,2904.83,1.2000,0.1735,1.7618,-0.4613,200290212.0,800.0,1134.0,2799.0,319.0,4510.0,9801.0
2016-03-18,2955.15,1.7300,0.3680,2.2969,0.1346,313332725.0,1046.0,1229.0,3001.0,371.0,4204.0,10147.0
2016-03-21,3018.8,2.1500,0.7888,2.4760,0.6297,352400450.0,2029.0,3117.0,9001.0,923.0,9578.0,25487.0
2016-03-22,2999.36,-0.6400,-0.5688,0.0099,-1.0060,270377325.0,3742.0,5816.0,15574.0,1291.0,17373.0,44615.0
2016-03-23,3009.96,0.3500,-0.2731,0.4401,-0.6168,216977450.0,3717.0,7756.0,14902.0,1546.0,18276.0,47088.0
2016-03-24,2960.97,-1.6300,-0.7694,-0.3924,-1.6419,237006400.0,3877.0,6198.0,12566.0,1611.0,20047.0,45138.0
2016-03-25,2979.43,0.6200,-0.1611,0.6903,-0.2992,175074350.0,3852.0,5272.0,13740.0,1345.0,15675.0,40553.0
2016-03-28,2957.82,-0.7200,0.2880,0.9646,-1.0371,202021238.0,3578.0,5103.0,17735.0,1625.0,16173.0,44830.0
2016-03-29,2919.83,-1.2800,-0.0375,0.1481,-1.7773,182965350.0,3523.0,4828.0,15936.0,1358.0,16991.0,43548.0
2016-03-30,3000.64,2.7700,0.7326,2.7837,0.7326,210371450.0,3615.0,5456.0,15621.0,1299.0,17026.0,43922.0
2016-03-31,3003.92,0.1100,0.2909,0.7588,-0.2573,220413450.0,3260.0,5683.0,19358.0,1172.0,17054.0,47420.0
2016-04-01,3009.53,0.1900,-0.2274,0.1914,-1.5869,206545862.0,2774.0,5264.0,15532.0,1266.0,15319.0,40923.0
2016-04-05,3053.07,1.4500,-0.2854,1.5883,-0.5443,256730350.0,3629.0,5754.0,20232.0,1090.0,16273.0,47733.0
2016-04-06,3050.59,-0.0800,-0.4366,0.2201,-0.7884,232262050.0,3611.0,6040.0,18420.0,1196.0,18430.0,48319.0
2016-04-07,3008.42,-1.3800,0.2540,0.3858,-1.4269,220919500.0,3409.0,5108.0,16357.0,1269.0,17818.0,44657.0
2016-04-08,2984.96,-0.7800,-0.6721,-0.4072,-1.5942,187904638.0,3389.0,4987.0,13895.0,971.0,20253.0,44228.0
2016-04-11,3033.96,1.6400,0.7354,2.1448,0.7354,220018325.0,3873.0,6433.0,17563.0,1188.0,19609.0,49513.0
2016-04-12,3023.65,-0.3400,-0.0877,0.0943,-1.0758,182718662.0,4446.0,4506.0,17899.0,1372.0,18617.0,47635.0
2016-04-13,3066.64,1.4200,0.5857,2.4312,0.5857,310003250.0,4086.0,5778.0,21301.0,1425.0,20669.0,54271.0
2016-04-14,3082.36,0.5100,0.4386,0.6541,-0.3147,208237825.0,3308.0,4825.0,16990.0,1180.0,18334.0,45303.0
2016-04-15,3078.12,-0.1400,0.0866,0.2462,-0.5025,189613050.0,2893.0,4159.0,17414.0,1203.0,17726.0,44132.0
2016-04-18,3033.66,-1.4400,-0.6387,-0.6387,-1.7917,183304512.0,3003.0,4570.0,16022.0,1369.0,22529.0,48070.0
2016-04-19,3042.82,0.3000,0.4440,0.6870,-0.2888,156533200.0,3170.0,5333.0,15391.0,1507.0,25539.0,51648.0
2016-04-20,2972.58,-2.3100,0.2485,0.4230,-4.5277,283144225.0,3884.0,5301.0,15996.0,1668.0,24478.0,52493.0
2016-04-21,2952.89,-0.6600,-0.6126,0.6086,-0.9796,189406850.0,5788.0,6387.0,17324.0,1690.0,23644.0,55633.0
2016-04-22,2959.24,0.2100,-0.6726,0.2479,-0.8842,137211662.0,3687.0,6240.0,19296.0,1362.0,22025.0,53453.0
2016-04-25,2946.67,-0.4200,-0.3133,-0.1740,-1.4267,125856238.0,3178.0,4882.0,15865.0,1146.0,22465.0,48196.0
2016-04-26,2964.7,0.6100,-0.0662,0.6367,-0.4310,117711600.0,3221.0,4731.0,17945.0,1110.0,23624.0,51270.0
2016-04-27,2953.67,-0.3700,0.0840,0.3818,-0.5151,130867638.0,3416.0,5038.0,17075.0,1173.0,21276.0,49703.0
2016-04-28,2945.59,-0.2700,0.0701,0.1977,-1.2628,138663275.0,3178.0,4804.0,17526.0,1328.0,22113.0,50070.0
2016-04-29,2938.32,-0.2500,-0.3466,0.1694,-0.5170,109310625.0,3724.0,4499.0,14263.0,990.0,14592.0,38793.0
